發售日期,名稱(日文),名稱(中文),圖片,圖片網址,參考來源,,,,
2019/8/31,鬼滅の刃,鬼滅之刃,,https://assets.1kuji.com/uploads/product/top_banner/2752/4a49bab8-1dc5-4cb0-abcf-2b4d06377363.jpg,https://1kuji.com/products/kimetsu,,,,
2020/6/27,鬼滅の刃 ～弐～,鬼滅之刃~貳~,,https://assets.1kuji.com/uploads/product/top_banner/2916/97a3de52-a527-4193-991c-9009c5d4faf8.jpg,https://1kuji.com/products/kimetsu3,,,,
2020/9/12,鬼滅の刃 ～参～,鬼滅之刃~參~,,https://assets.1kuji.com/uploads/product/top_banner/3035/9b85d661-56b7-482c-97fc-cf8aaca7b28a.jpg,https://1kuji.com/products/kimetsu5,,,,來源-歷屆一番賞
2020/10/31,鬼滅の刃 ～無限列車編～,鬼滅之刃~無限列車篇~,,https://assets.1kuji.com/uploads/product/top_banner/3082/13d0ea2e-7272-4c06-b731-14b3384855cf.jpg,https://1kuji.com/products/kimetsu_m,,,,
2021/2/6,鬼滅の刃 ～肆～ 誰よりも強靭な刃となれ,鬼滅之刃~肆~成為比任何人都要強靭的刀刃,,https://assets.1kuji.com/uploads/product/top_banner/3123/36e70d9b-6b96-4175-a5be-c76f8c1617aa.jpg,https://1kuji.com/products/kimetsu6,,,,
2021/5/29,鬼滅の刃 ～鬼殺の志～,鬼滅之刃~鬼殺之志~,,https://assets.1kuji.com/uploads/product/top_banner/3196/42f12adc-b6cf-4cf3-bb1e-eb6eda4ebcf0.jpg,https://1kuji.com/products/kimetsu7,,,,
2021/6/26,鬼滅の刃 ～黎明に刃を持て～,鬼滅之刃~持刀到黎明~,,https://assets.1kuji.com/uploads/product/top_banner/3264/5a0a7ee7-a9eb-4d48-b9b2-ad2819723794.jpg,https://1kuji.com/products/kimetsu8,,,,
2021/9/25,鬼滅の刃 ～折れぬ心と刃で進め～,鬼滅之刃~持著不屈之心與刀前進~,,https://assets.1kuji.com/uploads/product/top_banner/3332/c9614d82-7626-45e6-9652-7f3bc2f078a5.jpg,https://1kuji.com/products/kimetsu9,,,,
2021/10/23,鬼滅の刃 ～刃を振るい心を燃やせ～,鬼滅之刃~燃燒吧！揮舞著刀刃的心~,,https://assets.1kuji.com/uploads/product/top_banner/3407/f2b43ad4-6249-4bba-bdb1-c936962a6165.jpg,https://1kuji.com/products/kimetsu10,,,,
2022/2/26,鬼滅の刃 ～宇髄天元 見参！～,鬼滅之刃~宇髓天元 見參!~,,https://assets.1kuji.com/uploads/product/top_banner/3502/90a16254-10fa-4894-9195-3cb361b03d99.jpg,https://1kuji.com/products/kimetsu12,,,,
2022/6/25,鬼滅の刃 ～鬼殺の志 弐～,鬼滅之刃~鬼殺之志貳~,,https://assets.1kuji.com/uploads/product/top_banner/3424/480f1a9f-94ba-43c7-aaad-f052d92a376a.jpg,https://1kuji.com/products/kimetsu11,,,,
2022/8/27,鬼滅の刃 ～鬼の棲む街～,鬼滅之刃~鬼之棲街~,,https://assets.1kuji.com/uploads/product/top_banner/3645/7ef0d4f5-f8c0-4224-80e7-daa60aeb1a2a.jpg,https://1kuji.com/products/kimetsu13,,,,
2022/10/15,鬼滅の刃 最高位の剣士“柱”,鬼滅之刃 最高位的劍士「柱」,,https://assets.1kuji.com/uploads/product/top_banner/3709/6720c3fe-151c-4780-acaf-68a4c9ce9f2f.jpg,https://1kuji.com/products/kimetsu14,,,,
2022/12/3,鬼滅の刃 ～鬼殺の志 参～,鬼滅之刃~鬼殺之志參~,,https://assets.1kuji.com/uploads/product/top_banner/3740/45115134-b7ed-4ac7-9727-b901d296b3b9.jpg,https://1kuji.com/products/kimetsu15,,,,
2023/2/4,鬼滅の刃 ～鬼の棲む街～ 其ノ弐,鬼滅之刃~鬼之棲街~其之貳,,https://assets.1kuji.com/uploads/product/top_banner/3860/a72f1c75-5773-411e-9b06-449bfaa6a541.jpg,https://1kuji.com/products/kimetsu16,,,,
2023/4/29,鬼滅の刃 ～いざ刀鍛冶の里へ～,鬼滅之刃~前往刀匠村~,,https://assets.1kuji.com/uploads/product/top_banner/10010/3fdb6546-025c-42d3-bb03-b1f4a6fe17e2.jpg,https://1kuji.com/products/kimetsu17,,,,
2023/6/17,鬼滅の刃 〜暴かれた刀鍛冶の里〜,鬼滅之刃~曝光的刀匠村~,,https://assets.1kuji.com/uploads/product/top_banner/10051/2c9c93e7-b8bb-43a0-b379-4ce984785ee0.jpg,https://1kuji.com/products/kimetsu18,,,,
2023/8/8,鬼滅の刃 ～襲撃～,鬼滅之刃~襲擊~,,https://assets.1kuji.com/uploads/product/top_banner/10056/9d6f6855-36ed-4d2c-b717-b38ac1e5a2ea.jpg,https://1kuji.com/products/kimetsu19,,,,
2023/10/21,鬼滅の刃 ～ふめつのきずな～,鬼滅之刃~不滅的羈絆~,,https://assets.1kuji.com/uploads/product/top_banner/10108/80bf5e96-eb67-428d-8d03-d1f25cdb99ee.jpg,https://1kuji.com/products/kimetsu20,,,,
2024/2/10,鬼滅の刃 ～思い出の蝶屋敷～,鬼滅之刃~回憶的蝶屋敷~,,https://assets.1kuji.com/uploads/product/top_banner/10164/5cd318b0-c7dd-4ed1-8c53-a7f22f1d4b3a.jpg,https://1kuji.com/products/kimetsu21,,,,
2024/5/31,鬼滅の刃 ～柱稽古～,鬼滅之刃~柱稽古~,,https://assets.1kuji.com/uploads/product/top_banner/10218/2bb3d4bd-c317-40dc-80ca-558a354e5236.jpg,https://1kuji.com/products/kimetsu22,,,,
2024/7/27,鬼滅の刃 ～ふめつのきずな 弐～,鬼滅之刃~不滅的羈絆貳~,,https://assets.1kuji.com/uploads/product/top_banner/10249/019edf34-c7c0-4fbb-a245-e7363d159486.jpg,https://1kuji.com/products/kimetsu23,,,,
2024/12/11,鬼滅の刃 ～繋いだ軌跡～,鬼滅之刃~聯繫的軌跡~,,https://assets.1kuji.com/uploads/product/top_banner/10350/9b893dee-2a56-489c-b9e6-31f09e69e8f3.jpg,https://1kuji.com/products/kimetsu24,,,,
2025/3/14,鬼滅の刃 ～受け継ぐ者～,鬼滅之刃~繼承者~,,https://assets.1kuji.com/uploads/product/top_banner/10393/6c537228-7496-4a4d-901e-c4b6fe25218d.jpg,https://1kuji.com/products/kimetsu25,,,,
2025/5/3,鬼滅の刃 ～心を燃やせ～,鬼滅之刃~燃燒心靈~,,https://assets.1kuji.com/uploads/product/top_banner/10458/237b6bb6-4e08-42cd-a8fd-d3a7a7899c25.jpg,https://1kuji.com/products/kimetsu26,,,,
2025/7/18,鬼滅の刃 ～上弦の参～,鬼滅之刃~上弦之參~,,https://assets.1kuji.com/uploads/product/top_banner/10465/f1e483ba-e1fa-4e39-af81-8e0eec76012f.jpg,https://1kuji.com/products/kimetsu27,,,,
2025/9/26,鬼滅の刃 ～雷の兄弟～,鬼滅之刃~雷之兄弟~,,https://assets.1kuji.com/uploads/product/top_banner/10550/daee1788-2055-4d61-a79c-eec90ac5c3d9.jpg,https://1kuji.com/products/kimetsu28,,,,
2025/11/29,鬼滅の刃～姉の仇～,鬼滅之刃~姊之仇~,,https://assets.1kuji.com/uploads/product/top_banner/10559/d0df2104-0840-462a-a5bd-f7710affa375.jpg,https://1kuji.com/products/kimetsu29,,,,
2025/7/30,鬼滅の刃 ～上弦の弐～,鬼滅之刃~上弦之貳~,,https://assets.1kuji.com/uploads/product/top_banner/10703/bcff45e9-dba8-4c98-83e4-443bbcc36c65.webp,https://1kuji.com/products/kimetsu30,,,,
2025/8/2,『劇場版「鬼滅の刃」無限城編 第一章 猗窩座再来』アニプレックス オンラインくじ ～無限城決戦開幕～,『 劇場版 「鬼滅之刃」 無限城篇 第一章 猗窩座再襲』Aniplex ONLINE 賞~鬼滅之刃～無限城決戰開幕,,https://media.app.slash.gift/public/cloudfront/images/aniplexplus/59a2da3a-fd72-4e16-b110-434dacca8647.jpeg.1200,https://kuji.aniplex.co.jp/store/lottery/kimetsu-mugenjyo,,,,
2025/8/28,『劇場版「鬼滅の刃」無限城編 第一章 猗窩座再来』アニプレックス オンラインくじ～無限城決戦突入～,『 劇場版 「鬼滅之刃」 無限城篇 第一章 猗窩座再襲』Aniplex ONLINE 賞~鬼滅之刃～無限城決戰突入,,https://media.app.slash.gift/public/cloudfront/images/aniplexplus/92cd7f95-da64-44c3-85f6-1b67783544ef.jpeg.1200,https://kuji.aniplex.co.jp/store/lottery/kimetsu-mugenjyo-totsunyu,,,,